key,doi,study,title,year,arm,country,area,data,target,target_type,n_classes,model_family,validation,validation_detail,metric,value,metric_note,source_of_extraction,code_data_open,include_focused,verified_by,notes,q2_timegap,q3_spatial,q4_unseen,q5_classwise,q7_uncertainty,q8_open,q1_label,q6_leakage
ali2020gis,10.1016/j.apenergy.2020.115834,Ali et al.,"A data-driven approach for multi-scale GIS-based building energy modeling for analysis, planning and support decision making",2020,Scopus,Ireland,National (about 2.1M buildings; ~650k BER labels),BER/EPC attributes; GIS; census,BER energy rating (building level),Multi-class,,Deep learning,Random split,Train/test split of certified buildings; predictions extrapolated to uncertified stock,Accuracy,0.88,Headline accuracy as reported,Full text,Not yet assessed,Y,,,N,N,N,-,N,P,-,-
cerquitelli2020,10.3390/electronics9122132,Cerquitelli et al.,A Data-Driven Energy Platform: From Energy Performance Certificates to Human-Readable Knowledge through Dynamic High-Resolution Geospatial Maps,2020,Scopus,Italy,Turin (Piedmont open EPCs),Geo-referenced EPCs; urban GIS layers,EPC energy features and class,Multi-class,,Spatially constrained k-NN,Internal (not specified),Prediction for unseen buildings in the same city,Not reported in abstract,,,Abstract,Not yet assessed,Y,,,-,-,-,-,-,-,-,-
mayer2023,10.1016/j.apenergy.2022.120542,Mayer et al.,"Estimating building energy efficiency from street view imagery, aerial imagery, and land surface temperature data",2023,Scopus,United Kingdom,"Coventry, Westminster, Oxford (train); Peterborough (test)",Street-view imagery; aerial imagery; Landsat LST; footprints,Binary EPC (A-D vs E-G),Binary,2.0,Deep learning (CNN fusion),Held-out city,Test set drawn exclusively from an unseen city (Peterborough),Macro-F1,0.646,Published version; preprint reported 0.621,Full text,Not yet assessed,Y,,,N,Y,Y,Y,N,N,-,-
mayer2023dk,10.1145/3600100.3623723,Mayer et al. (Denmark),Classifying building energy efficiency from street view and aerial images in Denmark,2023,Supplementary,Denmark,Copenhagen metropolitan area,Street-view imagery; aerial imagery,Binary energy label,Binary,2.0,Deep embeddings + logistic regression,Held-out area,Geographically separated test polygon (2729 buildings),Macro-F1,0.611,,Full text,Not yet assessed,Y,,,N,Y,Y,-,N,N,-,-
sun2024htd,10.1016/j.scs.2023.105015,Sun and Bardhan,"Identifying Hard-to-Decarbonize houses from multi-source data in Cambridge, UK",2024,Scopus,United Kingdom,Cambridge,Street-view imagery; aerial imagery; LST; building stock,Hard-to-decarbonise (EPC-derived) class,Binary,2.0,Deep learning (three-branch),Random split,70/15/15 random split,Precision,0.82,Overall precision; authors note transferability untested,Full text,Not yet assessed,Y,,,N,N,N,Y,N,P,-,-
chen2024igarss,10.1109/igarss53475.2024.10642234,Chen et al.,Learning Building Energy Efficiency with Semantic Attributes,2024,Supplementary,United Kingdom,Peterborough test set (Mayer et al. benchmark),Aerial imagery; LiDAR point clouds; building age and use,Binary EPC,Binary,2.0,Deep learning (multi-input),Held-out city,Peterborough test set of the Mayer et al. benchmark,Macro-F1,0.626,Best configuration (image + LiDAR + age),Full text,Not yet assessed,Y,,,N,Y,Y,-,N,N,-,-
grossouvre2024,10.1016/j.enbuild.2024.114243,Grossouvre et al.,Enhancing buildings' energy efficiency prediction through advanced data fusion and fuzzy classification,2024,Scopus,France,Saint-Etienne,Geographical; structural; legal; socio-economic data + EPCs,EPC class A-G (hard and fuzzy),Ordinal (A-G),7.0,Random forest; joint kriging; fuzzy k-NN,Random split,Held-out test sample,Balanced accuracy,0.451,Hard classification (RF); accuracy within one label 62.5-82.6%,Full text,Not yet assessed,Y,,,N,N,N,Y,N,P,-,-
anselmo2025thermo,10.1016/j.enbuild.2025.115644,Anselmo et al.,Integration of aerial thermography and energy performance certificates for the estimation of energy consumption in cities,2025,Scopus,Italy,City scale (Italy),Aerial thermography; EPCs,EPC energy class,Multi-class,,Statistical integration of EPC and thermographic heat loss,Not reported,,Accuracy,0.8,As reported in abstract,Abstract,Not yet assessed,Y,,,-,-,-,-,-,-,-,-
eslamirad2025,10.1016/j.rineng.2025.104931,Eslamirad et al.,Leveraging machine learning for data-driven building energy rate prediction,2025,Scopus,Ireland,Dublin,Geospatial datasets; building and neighbourhood features,BER class,Multi-class,,Random forest; decision tree; k-NN; SVM,Not reported,,AUC,0.8,AUC range 0.77-0.83 (RF); mid-point plotted,Abstract,Not yet assessed,Y,,,-,-,-,P,-,-,-,-
liu2025gsv,10.1016/j.enbuild.2025.115968,Liu et al.,Enhancing building performance evaluation through Google street View: A multimodal transfer learning framework,2025,Scopus,United Kingdom,English cities; transfer to Newcastle MSOAs,Google Street View; GIS; building attributes,EPC A-G; wall rating; EUI,Ordinal (A-G),7.0,Deep learning + transfer learning,Transfer with local fine-tuning,Fine-tuned on 1% local samples (about 120 buildings) in new cities,Accuracy,0.84,EPC grade accuracy,Full text,Not yet assessed,Y,,,N,P,P,-,N,P,-,-
gu2025jurse,10.1109/jurse60372.2025.11076072,Gu et al.,Remote Sensing for Building Energy Efficiency Assessment: A Multi-modal Multi-task Approach,2025,Supplementary,United Kingdom,Peterborough,Remote sensing inputs (tabular data used only in training),Binary EPC,Binary,2.0,Deep learning (multi-modal multi-task),Random split,Average of five mutually exclusive test sets within Peterborough,Macro-F1,0.681,,Full text,Not yet assessed,Y,,,N,N,N,-,N,N,-,-
sisman2025,10.1371/journal.pone.0335531,Sisman et al.,Leveraging spatial data infrastructure for machine learning based building energy performance prediction,2025,Supplementary,Turkey,"Tuzla district, Istanbul",National spatial data infrastructure; EPC registry,Energy performance score (continuous),Continuous,,RF; GBM; LightGBM; XGBoost,Random split,10-fold CV for tuning; separate test set,MAPE,0.0326,RF: MAE 2.776; MAPE 3.26%,Full text,Not yet assessed,Y,,,N,N,N,-,N,P,-,-
he2024cambridge,10.1017/eds.2024.26,He et al.,Energy mapping of existing building stock in Cambridge using energy performance certificates and thermal infrared imagery,2025,Scopus,United Kingdom,Cambridge,EPCs; drone and satellite thermal infrared,EPC archetypes; thermal anomalies,Descriptive,,Clustering + ML anomaly detection,Not applicable,,Not applicable,,Thermal anomalies resolvable only at GSD <= 1 m,Abstract,Not yet assessed,Y,,,-,-,-,-,-,-,-,-
sun2026,10.1038/s42949-026-00348-7,Sun et al.,Deciphering exterior: building energy efficiency prediction with emerging urban big data,2026,Supplementary,United Kingdom,Glasgow and Edinburgh,High-resolution TIR; optical RS; street-view; socio-economic; morphology,EPC-derived efficiency class,Multi-class,3.0,Deep learning (multimodal),Random split,70/15/15 split within each city,F1 (micro),0.665,0.64 (Glasgow) and 0.69 (Edinburgh); mean plotted,Full text,Not yet assessed,Y,,,N,N,N,Y,N,Y,-,-
bai2026,arXiv:2605.05088,Bai et al.,Gated Multimodal Learning for Interpretable Property Energy Performance Prediction and Retrofit Scenario Analysis,2026,Supplementary,United Kingdom,"Westminster, London",EPC tabular fields; assessor text; GIS footprint geometry,SAP and EI scores (continuous) + band head,Continuous,,Gated multimodal deep learning,Random split,Dataset split described in the paper,R2,0.757,SAP: MAE 4.03 points,Full text (preprint),Not yet assessed,Y,,,P,N,N,-,N,N,-,-
peng2026,preprints202506.1174,Peng and Bentley,Multimodal Modular Chain of Thoughts in Energy Performance Certificate Assessment,2026,Supplementary,United Kingdom,England (81 apartments),Property images; limited visual information,EPC band,Ordinal (A-G),7.0,Vision-language model (chain-of-thought prompting),Not applicable (zero-shot),Evaluation on 81 certified properties,Not extracted,,Errors mainly between adjacent bands,Full text (preprint),Not yet assessed,Y,,,N,N,N,Y,P,P,-,-
krapf2023,10.1038/s41597-023-02544-x,Krapf et al.,Points for energy renovation (PointER): A point cloud dataset of a million buildings linked to energy features,2023,Supplementary,United Kingdom,England (about 1M buildings),Airborne LiDAR point clouds linked to EPCs via UPRN,Dataset (no model),Dataset,,Dataset,Not applicable,,Not applicable,,Open benchmark dataset,Full text,Yes (open dataset),Y,,,-,-,-,-,-,-,-,-
